{"cameraMode":{"drawMode":0,"name":"Shaded","section":"Shading Mode"},"sceneLighting":true,"audioPlay":false,"sceneViewState":{"m_AlwaysRefresh":false,"showFog":true,"showSkybox":true,"showFlares":true,"showImageEffects":true,"showParticleSystems":true,"showVisualEffectGraphs":true,"m_FxEnabled":true},"in2DMode":false,"pivot":{"x":2.3413045406341554,"y":13.229673385620118,"z":-28.05116081237793},"rotation":{"x":-0.16674835979938508,"y":-0.016850480809807779,"z":0.0028450617101043464,"w":-0.9858279228210449},"size":2.0886058807373049,"orthographic":false}